plugin, operation, time (ms), max (ms), num
"DFA", "all", 10 455, 207, 1 470
"DFA", "preliminary", 2 412, 22, 1 251
"Leaks", "Memory", 2 190, 97, 2 464
"overflow.pathsens.ValueSummaryPlugin$ValueDefinitionPropagator", "annotate", 2 022, 95, 5 679
"std.sens.GlobalConditionPlugin$CurrentConditionAnnotator", "annotate", 1 252, 25, 1 038
"newdelete.NewDeletePlugin$AmlReleasedHandler", "annotate", 770, 23, 6 696
"DFA", "interval", 689, 16, 1 470
"derefofnull.NullPointerDereferencePlugin$NullDerefCopyHandler", "deref", 509, 47, 35 701
"math.DivisionByZeroPlugin$ZeroIfHandler", "annotate", 492, 21, 2 162
"DFA", "liveness", 491, 13, 1 470
"Leaks", "Resources", 434, 16, 2 464
"overflow.pathsens.OverflowConditionPlugin$BufferOverflowHandler", "annotate", 412, 85, 58 677
"attr ValueDefinition", "join", 379, 13, 21 746
"derefofnull.DerefOfNullRetSensPlugin$AnnotApplyHandler", "annotate", 364, 9, 1 359
"tainted.sensitive.SensitiveLeakPlugin$LocalVarHandler", "copyNotify", 359, 28, 27 963
"derefofnull.DerefOfNullRetStatPlugin$RetHandler", "deref", 350, 23, 832
"DFA", "null", 345, 12, 1 470
"concurrency.NoLockStatPlugin$ReadWriteHandler", "apply", 326, 10, 123 982
"derefofnull.DerefOfNullPathSensPlugin$DerefChecker", "deref", 318, 48, 25
"derefofnull.DerefOfNullRetStatPlugin$CompareToNullHandler", "notEquals", 310, 22, 567
"uninit.UninitArrayExPlugin$InitOperationsHandler", "apply", 308, 9, 123 982
"derefofnull.NullPointerDereferencePlugin$NullDerefCopyHandler", "apply", 306, 45, 7 419
"DFA", "exception", 299, 10, 2 609
"derefofnull.DerefPathSensPlugin$SuffDereferenceHandler", "deref", 298, 11, 35 701
"std.value.IntervalHandlers$ConstantHandler", "newInt", 292, 15, 22 928
"DFA", "defer-recovery", 287, 48, 1 470
"derefofnull.DerefPathSensPlugin$SuffDereferenceHandler", "apply", 277, 20, 6 843
"cpp.UseAfterMovePlugin$PassedToFuncAfterMoveHandler", "apply", 269, 11, 123 982
"overflow.pathsens.ValueSummaryPlugin$ValueDefinitionPropagator", "apply", 259, 9, 6 959
"DFA", "icmp", 254, 9, 1 470
"intoverflow.IntOverflowUnderCheckPlugin$BoundAttrSetterFromConst", "newInt", 246, 94, 22 928
"concurrency.core.DeadlockJavaPlugin$ReadWriteHandler", "apply", 240, 12, 123 982
"intoverflow.IntOverflowUnderCheckPlugin$BoundAttrSetterFromComparison", "equals", 231, 16, 3 297
"DFA", "pcall", 230, 15, 1 470
"DFA", "unreachable", 222, 13, 2 721
"DFA", "denom", 217, 11, 1 470
"DFA", "predicate", 205, 5, 1 470
"uninit.UninitStructExPlugin$InitOperationsHandler", "passedToFuncAfterApply", 204, 6, 11 997
"uninit.UninitStructExPlugin$InitOperationsHandler", "pmove", 202, 102, 8 204
"DFA", "arith", 201, 26, 1 470
"std.sens.GlobalConditionPlugin$CurrentConditionAnnotator", "apply", 195, 35, 4 944
"ru.isp.svace.sens.strlen.StrLenValuePlugin$AssignNullTerminationHandler", "pmove", 195, 11, 8 204
"concurrency.NonStaticGuardianStatic$AccessHandler", "deref", 195, 24, 35 701
"std.sens.ExceptionConditionPlugin$CopyOpHandler", "apply", 194, 35, 5 732
"overflow.pathsens.OverflowConditionPlugin$BufferOverflowPropagator", "annotationApply", 194, 15, 5 732
"concurrency.NonStaticGuardianStatic$AccessHandler", "apply", 191, 14, 123 982
"concurrency.NoLockStatPlugin$ReadWriteHandler", "compositeAccess", 187, 7, 3 660
"uninit.AbstractUninitExPlugin$AccessUninitLocalVarHandler", "apply", 184, 20, 25 788
"overflow.OverflowUnderCheckPlugin$ValueProjectionHandler", "equals", 173, 16, 5 486
"leaks.EscapePlugin$ApplyCommonHandler", "annotationApply", 170, 7, 5 732
"overflow.pathsens.ValueSummaryPlugin$ConstantDefinitionCreater", "newInt", 168, 6, 11 464
"uninit.UsePlugin$ApplyAnnotateHandler", "apply", 158, 10, 12 894
"std.OldPureFunctionPlugin$PurePropertyHandler", "deref", 155, 9, 35 701
"exception.UncaughtExceptionsPlugin$CommonCallHandler", "applyPath", 150, 8, 5 732
"tainted.sensitive.SensitiveLeakPlugin$ClearHandler", "apply", 148, 10, 123 982
"derefofnull.DerefOfNullPathSensPlugin$NullSetter", "newInt", 147, 8, 11 464
"grep.LightApiCheckerPlugin$BadKeyWordHandler", "derefExplicitly", 145, 12, 66 664
"tainted.loop.SccIteratorPlugin$TrueIteratorHandler", "derefExplicitly", 144, 5, 16 666
"junitassert.MissingFieldAssertPlugin$CallInstrHandler", "handleCall", 143, 24, 6 424
"std.PCallPlugin$CopyHandler", "derefExplicitly", 142, 7, 16 666
"attr ZeroIf", "join", 140, 13, 17 116
"std.BooleanInvariantPlugin$EqualsProjectionHandler", "globalNotEquals", 136, 24, 3 111
"attr NullIf", "join", 134, 19, 8 648
"handlers.SoundValueSetBoundHandler$SoundValueSetBoundJoinHandler", "join", 133, 6, 9 369
"std.OldPureFunctionPlugin$SameCallsHandler", "apply", 127, 16, 5 024
"ru.isp.svace.sens.strlen.StringAccessPlugin$StringAccessDeref", "derefExplicitly", 126, 7, 16 666
"tainted.TaintedInfiniteLoopExPlugin$Checker", "nextIterationForVar", 125, 8, 56 632
"exception.UncaughtExceptionsPlugin$CommonCallHandler", "functionEnd", 123, 14, 1 458
"uninit.UninitStructExPlugin$InitOperationsHandler", "passedToUnknownFunc", 122, 11, 10 877
"derefofnull.DerefOfNullRetStatPlugin$RetHandler", "funcRetCall", 122, 10, 5 527
"uninit.UninitArrayExPlugin$InitOperationsHandler", "compositeAssignment", 121, 93, 1 510
"tainted.sensitive.SensitiveLeakPlugin$LocalVarHandler", "funcRetCall", 121, 9, 5 527
"overflow.StringLengthPlugin$ConstantCatchHandler", "newString", 118, 14, 1 920
"std.UnreachablePlugin$UnreachableCodeHandler", "out", 118, 11, 65 997
"grep.LightApiCheckerPlugin$BadKeyWordHandler", "passedToFunc", 113, 14, 55 204
"tainted.loop.InfiniteLoopStringPlugin$IteratorCopyOpHandler", "derefExplicitly", 112, 7, 16 666
"newdelete.DanglingPointerStatPlugin$Checker", "apply", 109, 17, 247 964
"derefofnull.PtrNullObserverPlugin$NullSetter", "newInt", 108, 9, 11 464
"tainted.loop.SccIteratorPlugin$Cleaner", "nextIterationForVar", 105, 9, 56 632
"cpp.UseAfterMovePlugin$PassedToFuncAfterMoveHandler", "passedToFuncAfterApply", 103, 10, 11 997
"newdelete.NewDeletePlugin$AmlReleasedHandler", "apply", 102, 11, 1 947
"DFA", "thrown only", 102, 10, 1 358
"grep.BadStringPlugin$BadStringHandler", "derefExplicitly", 101, 12, 66 664
"derefofnull.DerefOfNullRetStatPlugin$RetHandler", "apply", 100, 22, 1 621
"BufferOverflowPropagator", "annotationApply-applyToCallerContext", 96, 3, 744
"attr EscapeValue", "join", 95, 6, 70 847
"negative.NegativeErrorPlugin$CantBeNegativeHandler", "notSmaller", 95, 93, 1 620
"leaks.EscapePlugin$EscapeValueHandler", "funcRetCall", 94, 6, 5 527
"derefofnull.NullAfterDerefPlugin$NullPtrProjectionHandler", "equals", 93, 12, 2 600
"newdelete.NewDeletePlugin$CompareWithNullHandler", "equals", 92, 12, 3 297
"derefofnull.DerefPathSensPlugin$SuffDereferenceHandler", "annotate", 92, 5, 58 677
"std.LoopBoundPlugin$CriticalOpHandler", "apply", 92, 1, 123 982
"std.memory.ObjectHasBeenChangedPlugin$ObjectAccessHandler", "passedToUnknownFunc", 92, 9, 10 877
"DFA", "noException", 90, 3, 1 470
"overflow.pathsens.ValueComparedPlugin$ValueComparedCreator", "equals", 89, 8, 3 010
"attr ComparisonInterval", "join", 89, 14, 4 907
"math.DivisionByZeroPlugin$AddrPassedToFunc", "passedToFunc", 88, 7, 13 801
"std.LastCalledFuncInfoPlugin$PathOperationHandler", "in", 86, 25, 62 614
"grep.LightApiCheckerPlugin$AbstractCallHandler", "handleCall", 86, 21, 25 696
"tainted.TaintedPlugin$TaintedTransferHandler", "apply", 85, 20, 1 922
"std.sens.GlobalConditionPlugin$NotNullHandler", "NULL_ptrIsNotNull", 85, 16, 2 794
"overflow.BufferSizeFromSymbolPlugin$CopyOpSymbHandler", "copyNotify", 84, 2, 27 963
"grep.LightApiCheckerPlugin$BadKeyWordHandler", "pmove", 82, 5, 32 816
"attr FuncCallAttr", "join", 81, 14, 12 830
"std.OldPureFunctionPlugin$PurePropertyHandler", "apply", 81, 10, 123 982
"attr GlobalConditionConditions", "join", 79, 15, 3 093
"attr UsedValue", "join", 78, 9, 29 690
"junitassert.MissingJsonAssertPlugin$CallInstrHandler", "handleCall", 76, 8, 6 424
"math.DivisionByZeroPlugin$ZeroSetter", "newInt", 76, 2, 11 464
"DFA", "termination", 75, 2, 1 470
"attr PtrDereferenced", "join", 75, 6, 10 356
"tainted.StrlenDetectedPlugin$CallInstrHandler", "apply", 74, 13, 123 982
"derefofnull.DerefOfNullPathSensPlugin$DerefIfNullCreator", "equals", 74, 9, 2 743
"DFA", "unrechable3", 73, 22, 1 470
"DFA", "name", 72, 5, 1 470
"c.signals.SignalHandlersPlugin$TerminateChecker", "functionEnd", 70, 5, 1 458
"overflow.BufferSizePlugin$ConstantArrayHandler", "newString", 69, 12, 3 840
"concurrency.core.DeadlockJavaPlugin$AnnotApplyHandler", "annotationApply", 68, 6, 5 732
"std.UnreachablePlugin$UnreachableCodeHandler", "in", 68, 7, 62 614
"std.value.SoundValueIntervalPlugin$ValueProjectionHandler", "globalEquals", 67, 7, 2 666
"uninit.UninitHeapPlugin$CastObserverHandler", "copyNotify", 66, 7, 27 963
"math.DivisionByZeroPlugin$CondChecker", "equals", 66, 10, 2 556
"std.BooleanInvariantPlugin$EqualsProjectionHandler", "globalEquals", 66, 20, 2 671
"returnvalue.ReturnValueNoCheckPlugin$FuncCallHandler", "funcRetCall", 64, 4, 5 527
"NullPointerDereferencePlugin2", "sens", 64, 10, 707
"DFA", "unreachable4", 63, 9, 1 470
"leaks.AllocCompareResultPlugin$AllocCompareFlagCreator", "retBranch", 63, 20, 2 002
"tainted.TaintedPlugin$AccessChainParametr", "compositeAssignment", 63, 19, 1 161
"grep.BadStringPlugin$BadStringHandler", "passedToFunc", 63, 3, 55 204
"derefofnull.PtrNullObserverPlugin$NullPtrProjectionHandler", "notEquals", 63, 4, 3 042
"overflow.pathsens.ValueComparedPlugin$ValueComparedCreator", "notEquals", 63, 7, 3 440
"cpp.UseAfterMovePlugin$PassedToFuncAfterMoveHandler", "compositeAccess", 62, 12, 3 660
"DFA", "langindpad", 62, 5, 1 470
"grep.BadStringPlugin$BadStringHandler", "pmove", 62, 16, 32 816
"tainted.sensitive.SensitiveLeakPlugin$LocalVarHandler", "functionStart", 61, 8, 1 470
"std.value.SoundValueIntervalPlugin$ValueProjectionHandler", "globalNotEquals", 61, 4, 3 106
"uninit.UsePlugin$UsedValueHandler", "deref", 60, 1, 35 701
"attr FreeAmlFlag", "join", 57, 18, 39 112
"derefofnull.DerefOfNullInconsistentPlugin$EndFuncChecker", "functionEndForVar", 56, 18, 3 208
"grep.LightApiCheckerPlugin$BadKeyWordHandler", "functionStart", 56, 13, 5 880
"tainted.TaintedPlugin$AccessChainParametr", "pmove", 55, 8, 3 433
"std.PCallPlugin$CopyHandler", "functionStart", 53, 10, 1 470
"std.LocationPlugin$LocationTypeHandler", "out", 53, 4, 65 997
"leaks.EscapePlugin$ApplyHandler", "apply", 53, 14, 25 386
"DFA", "unreachable2", 53, 2, 1 470
"tainted.sensitive.SensitiveLeakPlugin$LocalVarHandler", "derefExplicitly", 52, 7, 16 666
"uninit.UninitArrayExPlugin$InitOperationsHandler", "passedToUnknownFunc", 50, 1, 10 877
"std.value.IntervalHandlers$AnnotateApplyHandler", "apply", 49, 10, 4 617
"attr AmlReleasedIf", "join", 48, 13, 4 139
"derefofnull.DerefOfNullPathSensPlugin$CompareWithNullHandler", "notEquals", 48, 16, 9 543
"uninit.UninitArrayExPlugin$InitOperationsHandler", "pmove", 48, 1, 8 204
"tainted.sensitive.PasswordPlugin$ConstantStringHandler", "newString", 47, 14, 1 920
"std.type.UnsignedPlugin$UnsignedPtrPropagator", "derefExplicitly", 46, 6, 16 666
"tainted.sensitive.SensitiveLeakPlugin$LocalVarHandler", "compositeAccess", 46, 0, 3 660
"derefofnull.DerefOfNullInconsistentPlugin$CompareHandler", "notEquals", 45, 24, 3 717
"leaks.EscapePlugin$EscapeValueHandler", "passedToUnknownFunc", 44, 6, 10 877
"std.memory.ObjectHasBeenChangedPlugin$ObjectAccessHandler", "compositeAssignment", 44, 15, 1 510
"intoverflow.InevitableIntOverflowPlugin$AssignmentHandler", "pmove", 43, 2, 1 466
"uninit.UsePlugin$UseCondHandler", "notEquals", 43, 5, 3 717
"std.DependsFromParameterPlugin$ParametrValueIdCreator", "functionStart", 43, 1, 1 470
"derefofnull.DerefOfNullRetSensPlugin$AnnotApplyHandler", "apply", 43, 1, 1 615
"uninit.UsePlugin$UseCondHandler", "equals", 41, 9, 3 297
"leaks.MemoryLeakPathSensPlugin$CompareWithNullHandler", "equals", 41, 3, 3 297
"attr ValueInterval", "join", 41, 1, 15 688
"derefofnull.DerefOfNullInconsistentPlugin$CompareHandler", "equals", 41, 20, 3 297
"tainted.loop.SccIteratorPlugin$TrueIteratorHandler", "pmove", 41, 7, 8 204
"derefofnull.NullPointerDereferencePlugin$NullDerefCopyHandler", "combine", 41, 12, 1 681
"overflow.pathsens.BufferOverflowZ3Plugin$BufferOverflowChecker", "bufferAccess", 41, 7, 505
"attr SoundValueInterval", "join", 40, 10, 14 294
"intoverflow.InevitableIntOverflowPlugin$AssignmentHandler", "passedToFunc", 40, 13, 1 807
"tainted.sensitive.SensitiveLeakPlugin$SensitiveStringGoHandler", "funcRetCall", 40, 4, 5 527
"concurrency.NoLockStatPlugin$ReadWriteHandler", "compositeAssignment", 40, 11, 1 510
"std.ModifierPlugin$CopyNotifyHandler", "copyNotify", 40, 10, 27 963
"attr LowerBoundAttr", "join", 39, 20, 13 198
"math.DivisionByZeroPlugin$ZeroIfHandler", "apply", 38, 7, 2 914
"lib.LibBadLoadPathPlugin$StringIsLibPathSetter", "newString", 35, 10, 1 920
"attr StringLengthSummary", "join", 35, 10, 160
"c.ChrootPlugin$NonChdirCopyOpHandler", "applyPath", 35, 11, 5 343
"uninit.UsePlugin$UsedValueHandler", "passedToFunc", 35, 2, 13 801
"derefofnull.PtrNullObserverPlugin$NullPtrProjectionHandler", "equals", 35, 5, 2 600
"std.value.IntegerShiftPlugin$ValueProjectionHandler", "equals", 35, 7, 2 743
"attr CurrentAssumeConditionType", "join", 34, 11, 3 100
"std.value.IntegerIntervalPlugin$ValueProjectionHandler", "notEquals", 34, 3, 3 181
"math.DivisionByZeroUnderCheckPlugin$CompareHandler", "notEquals", 33, 8, 3 717
"derefofnull.DerefOfNullRetStatPlugin$CompareToNullHandler", "equals", 33, 14, 566
"std.memory.MemoryModelPlugin$PointsToProjectionHandler", "notEquals", 32, 16, 3 717
"attr SccConditionType", "join", 32, 15, 1 317
"NullPointerDereferencePlugin2", "translate", 32, 10, 707
"c.signals.SharedAccessPlugin$AccessChecker", "deref", 32, 8, 35 701
"useafterrelease.JavaUseAfterReleasePlugin$PassedToProcAfterReleaseJavaChecker", "passedToFunc", 31, 4, 13 801
"std.LastCalledFuncInfoPlugin$LastCallHandler", "applyPredcondition", 31, 5, 5 732
"overflow.pathsens.OverflowConditionPlugin$BufferOverflowHandler", "bufferAccess", 31, 1, 561
"std.value.IntegerIntervalPlugin$ValueProjectionHandler", "equals", 31, 3, 2 743
"attr UpperBoundAttr", "join", 31, 1, 13 211
"overflow.pathsens.ValueSummaryPlugin$ParamStubCreator", "functionStart", 31, 2, 1 470
"overflow.StringLengthPlugin$StringLengthHandler", "pmove", 30, 6, 8 204
"overflow.BufferSizeFromSymbolPlugin$CopyOpSymbHandler", "pmove", 30, 9, 8 204
"c.ForkBombPlugin$ForkBranchHandler", "notEquals", 30, 4, 3 717
"overflow.BufferIndexPlugin$DangerAccessSetter", "bufferAccess", 30, 7, 561
"BufferOverflowPropagator", "annotationApply-checkOnApplyAndMigrate", 30, 4, 591
"uninit.UsePlugin$UsedValueHandler", "pmove", 30, 11, 8 204
"attr InitField", "join", 29, 9, 34 023
"concurrency.LockInconsistentPlugin$Checker", "compositeAssignment", 29, 9, 1 510
"ru.isp.svace.sens.strlen.StrLenValuePlugin$ConstantStringCreater", "newString", 29, 7, 1 920
"overflow.GoArrayLenAfterAccessPlugin$AccessHandler", "nextIterationForVar", 28, 7, 56 632
"attr ResultOfDeref", "join", 28, 8, 17 448
"derefofnull.MemsetNullPlugin$PointerToNullsHandler", "passedToUnknownFunc", 28, 14, 10 877
"attr NullConstIf", "join", 27, 6, 1 743
"negative.NegativePathSensPlugin$NegativeSetter", "newInt", 27, 20, 11 464
"c.ForkBombPlugin$ForkBranchHandler", "equals", 27, 4, 3 297
"concurrency.core.DeadlockJavaPlugin$ReadWriteHandler", "functionStart", 27, 7, 1 470
"std.sens.GlobalConstantFactsPlugin$GlobalVarDeref", "derefExplicitly", 27, 5, 16 666
"attr NullRetIfCond", "join", 27, 5, 4 410
"returnvalue.ReturnValueNoCheckPlugin$CompareHandler", "notEquals", 26, 5, 1 059
"exception.UncaughtExceptionsPlugin$JVMTryCatchHandler", "annotateException", 26, 1, 462
"attr CurrentConditionType", "join", 26, 7, 3 100
"overflow.OverflowUnderCheckPlugin$ValueProjectionHandler", "notSmaller", 26, 8, 810
"leaks.EscapePlugin$IntraEscapeValueHandler", "derefExplicitly", 26, 4, 16 666
"returnvalue.ReturnValueNoCheckPlugin$CompareHandler", "equals", 26, 11, 1 210
"useafterrelease.UseOfReallocatedPointerPlugin$Checker", "pmove", 25, 4, 8 204
"overflow.OverflowUnderCheckPlugin$ValueProjectionHandler", "smaller", 25, 9, 526
"derefofnull.PtrNullObserverPlugin$PtrIsSetToNullPropagator", "apply", 25, 13, 1 230
"tainted.TaintedArrayIndexPlugin$TrustedSinkFlagHandler", "apply", 25, 16, 172
"std.value.SymbolIntervalPlugin$SymbolicIntervalProjHandler", "notGreater", 25, 18, 412
"overflow.pathsens.StringLengthPathSensPlugin$StringEventPropagator", "annotate", 25, 10, 38
"std.StandardHandlers$SourceFlagCopyHandler", "apply", 25, 2, 16 227
"attr SymbolicIntervalAttr", "join", 25, 10, 2 625
"leaks.HandleLeakPlugin$AssignHandler", "apply", 24, 6, 15 138
"attr IsNonHeap", "join", 24, 2, 2 796
"intoverflow.TruncationAtConditionPlugin$ComparisonChecker", "notEquals", 24, 5, 3 717
"std.DependsFromParameterPlugin$ParametrValueIdCreator", "apply", 24, 17, 1 841
"overflow.StaticOverflowProcPlugin$ReliableAccessHandler", "bufferAccess", 23, 11, 561
"intoverflow.IntOverflowUnderCheckPlugin$BoundAttrSetterFromComparison", "greater", 23, 5, 264
"concurrency.NonStaticGuardianStatic$AccessHandler", "pmove", 23, 2, 8 204
"cpp.MemoryLeakCCtorPlugin$HeapStatCollector", "pmove", 23, 9, 8 204
"newdelete.FreeOfNonHeapMemoryPlugin$GlobalValueHandler", "pmove", 23, 5, 8 204
"concurrency.NoCheckInLockPlugin$StaticVariablesCompareHandler", "notEquals", 23, 9, 3 717
"std.LastCalledFuncInfoPlugin$LastCallHandler", "applyPath", 23, 6, 5 732
"leaks.InheritedFromClosablePlugin$ResourceAllocHandler", "functionStart", 22, 5, 1 470
"lib.LibBadLoadPathPlugin$DlOpenCalledSetter", "applyCall", 22, 3, 5 732
"std.value.SoundValueIntervalPlugin$ValueProjectionHandler", "globalNotGreater", 22, 0, 449
"uninit.UninitLocalVarExPlugin$InitOperationsHandler", "compositeAssignment", 22, 3, 1 510
"handlers.SoundValueSetBoundHandler$SoundValueSetBoundConstantOpHandler", "newInt", 22, 0, 11 464
"std.memory.HeapModelPlugin$BadAllocHandler", "equals", 22, 4, 3 297
"newdelete.NewDeletePlugin$ApplyAnnotateHandler", "apply", 22, 5, 17 559
"overflow.BufferOverflowStrictPlugin$SourceOfDoubtfulValue", "functionStart", 21, 1, 1 470
"overflow.BufferOverflowStrictPlugin$LenVersionChecker", "bufferAccess", 21, 16, 124
"derefofnull.DerefOfNullPathSensPlugin$DerefChecker", "apply", 21, 14, 327
"tainted.TaintedArrayIndexPlugin$TaintedArrayIndexLoopChecker", "bufferAccess", 20, 10, 561
"overflow.StrCmpPlugin$StrCmpHandler", "equals", 20, 4, 3 297
"math.DivisionByZeroUnderCheckPlugin$CompareHandler", "equals", 20, 0, 3 297
"std.FieldInfoForStaticVariablesPlugin$ReadWriteHandler", "derefExplicitly", 20, 4, 16 666
"concurrency.NoCheckInLockPlugin$AccessStepsCompareHandler", "notEquals", 19, 7, 500
"junitassert.NoAssertInTestPlugin$FuncCallHandler", "handleCall", 19, 4, 6 424
"go.GoTypeAssertionPlugin$CopyOpHandler", "deref", 19, 5, 35 701
"negative.NegativeErrorPlugin$CantBeNegativeHandler", "equals", 19, 0, 10 972
"std.sens.RSizeMaxFactsPlugin$ApplyCopyHandler", "annotate", 19, 0, 58 677
"overflow.BufferOverflowPlugin$BufferCopyHandler", "bufferAccess", 18, 3, 561
"cpp.MemoryLeakCCtorPlugin$HeapStatCollector", "passedToFunc", 18, 1, 13 801
"grep.BadStringPlugin$BadStringRetHandler", "retBranch", 18, 3, 8 008
"std.OldPureFunctionPlugin$PurePropertyHandler", "compositeAccess", 18, 4, 3 660
"concurrency.NoLockStatPlugin$ReadWriteHandler", "deref", 18, 4, 35 701
"derefofnull.PtrNullObserverPlugin$PtrCantBeNullCreateor", "pmove", 18, 1, 8 204
"attr AddrPassedToUnknownFunc", "join", 18, 0, 17 399
"intoverflow.IntOverflowUnderCheckPlugin$IntegerOverflowChecker", "add", 18, 0, 285
"leaks.EscapePlugin$EscapeValueHandler", "addrPassedToUnknownFunc", 18, 0, 10 684
"std.memory.ObjectHasBeenChangedPlugin$ObjectAccessHandler", "apply", 18, 0, 2 049
"derefofnull.NullPointerDereferencePlugin$NullDerefCopyHandler", "annotate", 18, 0, 2 047
"leaks.EscapePlugin$IntraEscapeValueHandler", "pmove", 18, 1, 8 204
"uninit.UsePlugin$UsedValueHandler", "returnFromCurProc", 18, 5, 974
"overflow.pathsens.ValueComparedPlugin$ValueComparedCreator", "smaller", 17, 13, 259
"overflow.StaticOverflowProcPlugin$ReliableAccessHandler", "apply", 17, 2, 613
"checkers.ProcAddrPlugin$ProcAddrCompareHandler", "globalEquals", 17, 8, 2 600
"useafterrelease.UseAfterFreePathSensPlugin$RetValueAssigner", "retBranch", 17, 7, 2 002
"std.StandardHandlers$NextIterationHandler", "nextIterationForVar", 17, 8, 3 013
"newdelete.FreeIncompatiblePlugin$ExplicitNewOperatorHandler", "retBranch", 17, 5, 2 002
"overflow.pathsens.OverflowConditionPlugin$CallerControlLoopHandler", "globalNotEquals", 17, 10, 3 384
"derefofnull.NullPointerDereferencePlugin$CppTypeInfoIsComparedSetter", "handleCall", 17, 6, 6 424
"attr StaticFlagWithTrace", "join", 17, 7, 3 117
"BufferOverflowPropagator", "annotationApply-propagade", 17, 0, 591
"math.DivisionByZeroPlugin$DerefResHandler", "derefExplicitly", 16, 0, 16 666
"exception.UncaughtExceptionsPlugin$CommonCallHandler", "applyExceptionalPath", 16, 1, 343
"overflow.pathsens.StringLengthPathSensPlugin$ConstantStringCreater", "newString", 16, 9, 1 920
"concurrency.NoCheckInLockPlugin$AccessHanlder", "compositeAccess", 16, 3, 3 660
"intoverflow.IntOverflowUnderCheckPlugin$BoundAttrSetterFromComparison", "notGreater", 16, 1, 412
"attr PtrIsSetToNull", "join", 15, 2, 2 392
"tainted.TaintedPlugin$TaintAccess", "apply", 15, 14, 514
"derefofnull.DerefOfNullPathSensPlugin$CompareWithNullHandler", "equals", 15, 11, 1 472
"std.ConstantDependensPlugin$ResultOfSmallFunctionHandler", "funcRetCall", 15, 3, 5 527
"overflow.OverflowUnderCheckPlugin$ValueProjectionHandler", "greater", 15, 4, 518
"overflow.OverflowUnderCheckPlugin$ValueProjectionHandler", "notGreater", 15, 0, 812
"cpp.MemoryLeakCCtorPlugin$HeapStatCollector", "functionEnd", 15, 10, 1 458
"overflow.pathsens.ValueComparedPlugin$1", "annotate", 15, 9, 18
"negative.PassToProcAfterCheckPlugin$ComparedToNegativeSetter", "notGreater", 15, 13, 406
"negative.NegativeErrorPlugin$DenomWithNegativeArgHandler", "deref", 14, 8, 35 701
"std.value.SoundValueIntervalPlugin$ValueProjectionHandler", "globalGreater", 14, 0, 303
"attr SymbolicCycleOnlyIntervalAttr", "join", 14, 3, 1 173
"std.memory.LinkedListStatePlugin$ListElemUnlinkHandler", "compositeAccess", 14, 0, 3 660
"concurrency.NoCheckInLockPlugin$AccessStepsCompareHandler", "equals", 14, 3, 485
"overflow.BufferIndexPlugin$PtrAccessRangeHandler", "apply", 14, 7, 613
"std.sens.GlobalConditionPlugin$SimpleLoopIndexHandler", "globalNotGreater", 14, 6, 271
"negative.NegativeErrorPlugin$CantBeNegativeHandler", "notEquals", 14, 0, 12 724
"tainted.sensitive.SensitiveLeakPlugin$SerializableJavaClassHandler", "functionStart", 14, 0, 1 470
"intoverflow.TruncationAtConditionPlugin$ComparisonChecker", "equals", 14, 5, 3 297
"overflow.NonterminatedStringPlugin$NNTSReporter", "functionEnd", 14, 1, 1 458
"attr ValueComparedUpperBound", "join", 14, 6, 229
"std.type.UnsignedPlugin$UnsignedPtrPropagator", "funcRetCall", 14, 2, 5 527
"newdelete.NewDeletePlugin$ExceptionPathOfCreatingHandler", "passedToFunc", 13, 1, 13 801
"tainted.loop.SccIteratorPlugin$OriginalVariableNameHandler", "pmove", 13, 0, 8 204
"negative.NegativeErrorPlugin$MaybeCheckedCreateProjectionHandler", "notEquals", 13, 6, 3 717
"ru.isp.svace.sens.strlen.ResultOfStrlenPlugin$LenFunHandler", "funcRetCall", 13, 1, 5 527
"concurrency.NoCheckInLockPlugin$StaticVariablesCompareHandler", "equals", 13, 5, 3 297
"attr ObjectHasBeenChangedAttr", "join", 12, 6, 2 882
"negative.NegativeErrorPlugin$RetHandler", "retBranch", 12, 5, 2 002
"leaks.EscapePlugin$ApplyHandler", "annotate", 12, 0, 10 349
"attr ExceptionCondition", "join", 12, 9, 485
"tainted.loop.InfiniteLoopStringPlugin$UsedInLoopConditionHandler", "notEquals", 12, 5, 3 717
"attr DerefPathAttr", "join", 12, 0, 10 252
"std.memory.ReadAccessPlugin$DerefPathHandler", "apply", 12, 1, 6 403
"std.value.SoundValueIntervalPlugin$ArithOpHandler", "add", 11, 5, 267
"junitassert.NoAssertInTestPlugin$NoAssertChecker", "functionEnd", 11, 2, 1 458
"junitassert.MissingJsonAssertPlugin$FuncRetHandler", "funcRetCall", 11, 5, 5 527
"attr ValueIdAfterApplyAnnotation", "join", 11, 2, 17 331
"uninit.UsePlugin$UseCondHandler", "smaller", 11, 9, 268
"std.memory.MemoryModelPlugin$PointsToProjectionHandler", "equals", 11, 0, 3 297
"newdelete.NewDeletePlugin$ExceptionPathOfCreatingHandler", "exceptionalPathForFuncRes", 10, 0, 610
"tainted.loop.InfiniteLoopStringPlugin$TerminatorCheckHandler", "notEquals", 10, 0, 3 717
"attr PureStateFlag", "join", 10, 8, 1 599
"std.DependsFromParameterPlugin$ParametrValueIdCreator", "derefExplicitly", 10, 1, 7 002
"overflow.BufferSizePlugin$CopyOpHandler", "apply", 10, 2, 3 120
"tainted.sensitive.SensitiveLeakPlugin$SerializableJavaClassHandler", "compositeAssignment", 10, 1, 461
"tainted.TaintedPlugin$AccessChainParametr", "annotate", 10, 3, 2 593
"std.memory.LinkedListStatePlugin$SelfAssignmentHandler", "pmove", 10, 0, 8 204
"cpp.MemoryLeakCCtorPlugin$HeapStatCollector", "passedToUnknownFunc", 10, 0, 10 877
"attr PtrIsNull", "join", 10, 0, 2 671
"std.PCallPlugin$CopyHandler", "pmove", 10, 1, 8 204
"attr TypeOfRetValueAttribute", "join", 10, 3, 6 825
"attr IteratorCandidates", "join", 10, 3, 22 113
"std.PassedToUnknowFunctionPlugin$UnknownHandler", "passedToUnknownFunc", 10, 0, 10 877
"std.memory.ReadAccessPlugin$TypeOfRetValueHandler", "apply", 9, 0, 4 648
"checkers.VulnerableFunUsePlugin$WarnFirer", "functionEnd", 9, 2, 1 458
"cpp.UseAfterMovePlugin$ReturnMovedHandler", "functionEnd", 9, 1, 1 458
"concurrency.NoCheckInLockPlugin$Checker", "compositeAssignment", 9, 0, 1 510
"leaks.HandleLeakPlugin$AssignHandler", "pmove", 9, 0, 8 204
"tainted.TaintedPlugin$TaintedPtrToTaintedIntHandler", "passedToFuncAfterApply", 9, 4, 11 997
"attr TransferTaintnessAttr", "join", 9, 0, 6 169
"std.sens.FistIterConditionPlugin$NextIterHandler", "sccEnd", 9, 9, 1 232
"std.ConstantDependensPlugin$Setter", "newInt", 9, 0, 11 464
"tainted.sensitive.SensitiveLeakPlugin$SensitiveStringGoHandler", "functionStart", 9, 0, 1 470
"attr PtrCantBeNull", "join", 9, 3, 3 234
"overflow.pathsens.ValueSummaryPlugin$ArithmOpHandler", "add", 9, 4, 285
"attr ValuePassedToUnknownFunc", "join", 9, 2, 25 626
"derefofnull.NullPointerDereferencePlugin$BackwardNullHandler", "meetBack", 9, 1, 1 522
"std.value.SymbolIntervalPlugin$SymbolicIntervalProjHandler", "notSmaller", 9, 2, 411
"attr Origin!location", "join", 8, 4, 3 095
"std.value.IntegerIntervalPlugin$ArithOpHandler", "add", 8, 0, 283
"tainted.TaintedPlugin$TaintedClearHandler", "apply", 8, 8, 2
"c.signals.AsyncUnsafeFunctions$AsyncUnsafeChecker", "functionStart", 8, 2, 1 470
"std.type.StringConstantPlugin$ConstantCatchHandler", "newString", 8, 0, 1 920
"junitassert.NoAssertInTestPlugin$NoAssertChecker", "functionStart", 8, 0, 1 470
"overflow.pathsens.StringLengthPathSensPlugin$StringEventPropagator", "apply", 8, 1, 331
"concurrency.NoUnlockPlugin$NoUnlockFirer", "functionEnd", 8, 0, 1 458
"std.memory.ReadAccessPlugin$TypeOfRetValueHandler", "returnFromCurProc", 8, 0, 974
"cpp.MemoryLeakCCtorPlugin$HeapStatCollector", "addrPassedToUnknownFunc", 8, 0, 10 684
"junitassert.MissingFieldAssertPlugin$AnnotHandlerWithOutTrace", "apply", 8, 0, 6 888
"negative.NegativeErrorPlugin$LocalMustNegativeFlagSetter", "newInt", 8, 1, 11 464
"attr ComparedWithConstFlag", "join", 8, 0, 5 831
"tainted.loop.InfiniteLoopArrayIndexPlugin$OverflowHandler", "add", 7, 3, 285
"overflow.pathsens.OverflowConditionPlugin$CallerControlLoopHandler", "globalEquals", 7, 3, 2 953
"std.PassedToUnknowFunctionPlugin$UnknownHandler", "addrPassedToUnknownFunc", 7, 2, 10 684
"newdelete.FreeOfNonHeapMemoryPlugin$ConstantCatchHandler", "newInt", 7, 0, 11 464
"std.OldPureFunctionPlugin$PurePropertyHandler", "compositeAssignment", 7, 0, 1 510
"intoverflow.IntOverflowUnderCheckPlugin$BoundAttrSetterFromComparison", "smaller", 7, 3, 268
"attr ComparedFlag", "join", 7, 0, 21 079
"intoverflow.IntOverflowUnderCheckPlugin$ExcluderOnCheck", "notEquals", 7, 0, 6 152
"attr BackwardPtrDereferenced", "join", 7, 3, 2 230
"attr DependedSymbols", "join", 7, 0, 1 298
"overflow.DynamicOverflowPlugin$DynamicOverflowChecker", "bufferAccess", 7, 1, 213
"std.LoopBoundPlugin$BoundCheckHandler", "smaller", 7, 4, 268
"junitassert.NoAssertInTestPlugin$AnnotHandler", "apply", 7, 0, 5 729
"leaks.EscapePlugin$EscapeValueHandler", "passedToFunc", 7, 0, 13 801
"attr ComparedWithNull", "join", 7, 0, 9 751
"std.memory.LinkedListStatePlugin$SelfAssignmentHandler", "compositeAssignment", 7, 1, 1 510
"overflow.GoArrayLenAfterAccessPlugin$CompareLenHandler", "equals", 7, 2, 3 297
"attr AssignsAttr", "join", 7, 0, 5 921
"attr NullSetDerivedByCompare", "join", 7, 6, 382
"overflow.pathsens.ValueComparedPlugin$ValueComparedCreator", "notGreater", 6, 0, 316
"ru.isp.svace.sens.strlen.StrLenValuePlugin$StrLenPropagator", "apply", 6, 0, 357
"uninit.UsePlugin$ApplyAnnotateHandler", "annotate", 6, 0, 5 419
"intoverflow.ArithmeticOperationViewerPlugin$OperationEventHandler", "apply", 6, 3, 189
"intoverflow.IntOverflowPlugin$CastHandler", "castNotify", 6, 0, 776
"std.value.SymbolIntervalPlugin$SymbolicIntervalProjHandler", "equals", 6, 0, 3 297
"attr FieldAccessAttr", "join", 6, 0, 5 075
"attr DependsOnIterator", "join", 6, 0, 1 298
"negative.NegativeErrorPlugin$MaybeCheckedCreateProjectionHandler", "equals", 6, 0, 3 297
"tainted.TaintedIntegerOverflowPlugin$IntOverflowFirer", "apply", 6, 2, 189
"ru.isp.svace.sens.strlen.StrlenConditionPlugin$1", "annotate", 6, 1, 14
"intoverflow.IntOverflowUnderCheckPlugin$ResultCastChecker", "castNotify", 6, 2, 776
"attr DoubtfulValueAttr", "join", 6, 0, 5 138
"attr PtrAccessInterval", "join", 6, 0, 1 979
"std.StandardHandlers$AnnotateHandler", "annotate", 6, 1, 6 366
"intoverflow.InevitableIntOverflowPlugin$InevitableIntOverflowHandler", "add", 6, 0, 283
"std.FieldInfoForStaticVariablesPlugin$ReadWriteHandler", "apply", 6, 0, 2 146
"std.value.SymbolIntervalPlugin$SymbolicIntervalProjHandler", "smaller", 6, 3, 268
"derefofnull.NullPointerDereferencePlugin$ThisIsNotNullSetter", "functionStart", 6, 1, 1 470
"std.LastMethodCallInfoPlugin$Handler", "handleMethodCall", 6, 0, 987
"math.DivisionByZeroPlugin$CondChecker", "notEquals", 6, 0, 2 990
"overflow.NonterminatedStringPlugin$NullTerminationByComparisonHandler", "equals", 6, 0, 2 600
"exception.UncaughtExceptionsPlugin$JVMInstanceOfHandler", "trueCond", 6, 0, 471
"overflow.OverflowAfterCheckVarPlugin$OverflowAfterCheckChecker", "bufferAccess", 6, 0, 561
"attr ObjectReturnFromFuncFlag", "join", 6, 2, 7 798
"attr EquationMapAttr", "join", 6, 0, 686
"tainted.loop.SccIteratorPlugin$DependsOnInitiateHandler", "add", 6, 0, 285
"negative.NegativeErrorPlugin$MustBeUnsignedIntCreator", "annotatePar", 6, 0, 3 260
"intoverflow.IntOverflowUnderCheckPlugin$BoundAttrSetterFromComparison", "notSmaller", 6, 0, 411
"derefofnull.PtrNullObserverPlugin$PtrIsSetToNullPropagator", "annotate", 6, 0, 890
"std.value.IntegerIntervalPlugin$ValueProjectionHandler", "smaller", 6, 0, 263
"tainted.loop.InfiniteLoopStringPlugin$UsedInLoopConditionHandler", "equals", 5, 0, 3 297
"leaks.NonVirtualDtorLeakPlugin$LeakHandler", "compositeAssignment", 5, 0, 1 510
"tainted.TaintedInfiniteLoopExPlugin$TaintnessPropagator", "add", 5, 0, 285
"tainted.TaintedPlugin$ResOfStrlenIsCheckedSanitazer", "notEquals", 5, 0, 3 717
"uninit.InitByOtherTheadPlugin$PmoveToGlobalHandler", "pmove", 5, 0, 8 204
"std.PureFunctionPlugin$PureFunctionHandler", "apply", 5, 0, 203
"std.value.IntegerIntervalPlugin$CopyHandler", "castNotify", 5, 2, 776
"c.signals.SignalHandlersPlugin$TerminateChecker", "functionStart", 5, 2, 1 470
"negative.NegativeErrorPlugin$MaybeCheckedUseHandler", "apply", 5, 0, 3 605
"attr OriginalVariableName", "join", 5, 0, 6 299
"leaks.NonVirtualDtorLeakPlugin$LeakHandler", "functionEnd", 5, 0, 1 458
"std.OldPureFunctionPlugin$PurePropertyHandler", "functionStart", 5, 1, 1 470
"overflow.GoArrayLenAfterAccessPlugin$CompareLenHandler", "notEquals", 5, 0, 3 717
"std.sens.GlobalConditionPlugin$FuncReturnGoErrorHandler", "funcRetCall", 5, 0, 5 527
"attr SignOfArithmeticOperation", "join", 5, 0, 2 815
"std.memory.ReadAccessPlugin$DerefPathHandler", "compositeAssignment", 5, 2, 146
"concurrency.NoLockStatPlugin$ReadWriteHandler", "pmove", 5, 0, 8 204
"std.OccurredPlugin$ExceptionHandler", "exceptionalPathForFuncRes", 5, 3, 610
"tainted.TaintedPlugin$ResOfStrlenIsCheckedSanitazer", "equals", 5, 0, 3 297
"attr PassedToUnknownFunc", "join", 5, 1, 11 674
"attr ThisAccessStepsComparedWithoutLock", "join", 5, 0, 1 039
"overflow.NonterminatedStringPlugin$NullTerminationByAssignmentHandler", "pmove", 5, 0, 798
"negative.NegativePathSensPlugin$NegativePropagator", "annotate", 5, 0, 29
"std.value.IntegerIntervalPlugin$ValueProjectionHandler", "notSmaller", 5, 0, 405
"tainted.TaintedArrayIndexPlugin$HeapArrayAllocateHandler", "heapArrayAllocate", 5, 1, 147
"attr SameTypeAssignment", "join", 5, 3, 825
"overflow.OverflowUnderCheckPlugin$OverflowPredictedSizeHandler", "bufferAccess", 5, 1, 561
"newdelete.DanglingPointerStatPlugin$Checker", "functionEnd", 5, 0, 2 916
"std.StandardHandlers$ApplyCopyHandler", "apply", 5, 0, 3 032
"negative.NegativeErrorPlugin$NegativeIfVarIsUnknownCreator", "annotate", 4, 1, 29
"math.DivisionByZeroUnderCheckPlugin$CompareHandler", "notSmaller", 4, 4, 411
"attr PointedHeapBufferSizeAttr", "join", 4, 2, 764
"attr IteratorStepAttr", "join", 4, 0, 2 336
"overflow.pathsens.ValueComparedPlugin$ValueComparedCreator", "greater", 4, 0, 257
"junitassert.MissingFieldAssertPlugin$AnnotHandler", "apply", 4, 0, 1 586
"negative.PassToProcAfterCheckPlugin$ComparedToNegativeSetter", "equals", 4, 0, 2 743
"tainted.loop.SccIteratorPlugin$TrueIteratorHandler", "castNotify", 4, 0, 776
"attr IntraEscapeValue", "join", 4, 0, 1 703
"overflow.DynamicOverflowPlugin$BufferSizeIntervalCreator", "apply", 4, 0, 237
"tainted.TaintedInfiniteLoopExPlugin$IteratorChangeHandler", "add", 4, 0, 285
"std.value.IntegerIntervalPlugin$ValueProjectionHandler", "notGreater", 4, 0, 406
"derefofnull.DerefOfNullRetSensPlugin$NullRetIfCondSetter", "retBranch", 4, 0, 184
"newdelete.NewDeletePlugin$ApplyAnnotateHandler", "annotate", 4, 0, 6 221
"attr SameCallsAttr", "join", 4, 0, 1 194
"leaks.AllocCompareResultPlugin$AllocCompareFlagApplyHandler", "apply", 4, 0, 1 211
"std.memory.ReadAccessPlugin$DerefPathHandler", "annotate", 4, 1, 1 762
"std.LoopBoundPlugin$IncrementHandler", "add", 4, 0, 285
"std.value.IntegerIntervalPlugin$CopyHandler", "functionStart", 4, 0, 1 470
"leaks.EscapePlugin$ApplyHandler", "shiftInApply", 4, 0, 3 761
"attr ElemAccessAttr", "join", 4, 0, 3 762
"c.signals.SignalSelfPlugin$SigHandler1stArgSetter", "functionStart", 4, 0, 1 470
"attr ResultOfSmallFunction", "join", 4, 2, 8 598
"std.OccurredPlugin$RetInstrHandler", "retBranch", 4, 0, 2 002
"overflow.pathsens.ValueComparedPlugin$ArithOpHandler", "add", 4, 1, 285
"std.value.IntegerShiftPlugin$ArithOpHandler", "add", 4, 0, 285
"go.UncheckedFuncResTuplePlugin$CallHandler", "funcRetCall", 4, 0, 5 527
"tainted.StrlenDetectedPlugin$CallInstrHandler", "funcRetCall", 4, 1, 5 527
"overflow.pathsens.HeapBufferSizePlugin$HeapBufferSizePropagator", "annotate", 4, 2, 17
"derefofnull.NullAfterDerefPlugin$CreatedInProcDereferencedHandler", "annotate", 4, 0, 2 047
"attr IsCallResult", "join", 4, 0, 15 127
"derefofnull.PtrNullObserverPlugin$ConstantStringHandler", "newString", 4, 2, 1 920
"leaks.EscapePlugin$ApplyHandler", "derefInApply", 4, 0, 3 941
"intoverflow.ArithmeticOperationViewerPlugin$OperationEventSetter", "add", 4, 0, 285
"uninit.UsePlugin$UseCondHandler", "greater", 4, 2, 264
"intoverflow.ArithmeticOperationViewerPlugin$OperationEventHandler", "pmove", 4, 0, 254
"tainted.TaintedPlugin$TaintPropagator", "functionStart", 3, 0, 1 470
"tainted.sensitive.SensitiveLeakPlugin$ExceptionHandler", "javaNew", 3, 0, 1 146
"std.FuncRetCodePlugin$GoErrorCheckHandler", "retBranch", 3, 0, 2 002
"std.value.SymbolIntervalPlugin$SymbolicIntervalProjHandler", "greater", 3, 0, 264
"overflow.BufferSizePlugin$CopyOpHandler", "globalVar", 3, 0, 1 046
"attr DependsFromParametrFlag", "join", 3, 0, 3 767
"newdelete.FreeOfNonHeapMemoryPlugin$ConstantCatchHandler", "newString", 3, 0, 1 920
"attr TypeComparisonInterval", "join", 3, 0, 178
"overflow.BeliefBufferOverflowPlugin$AvoidFlagSetter", "equals", 3, 0, 3 297
"returnvalue.UncheckedFuncResPlugin$FunctionResCheckPathHandler", "retBranch", 3, 0, 2 002
"std.value.IntegerIntervalPlugin$ValueProjectionHandler", "greater", 3, 0, 259
"std.value.SymbolIntervalPlugin$CopyHandler", "copyNotify", 3, 0, 790
"overflow.BeliefBufferOverflowPlugin$AvoidFlagSetter", "notEquals", 3, 0, 3 717
"attr NullRetIfCondStat", "join", 3, 0, 4 995
"attr OperationEvent", "join", 3, 0, 2 652
"std.LoopBoundPlugin$BoundCheckHandler", "greater", 3, 0, 264
"std.value.IntegerIntervalPlugin$CopyHandler", "annotateRet", 3, 0, 969
"uninit.UsePlugin$UseCondHandler", "trueCond", 3, 0, 471
"junitassert.NoAssertInTestPlugin$AnnotHandler", "annotate", 3, 2, 1 411
"c.ReturnLocalVarPlugin$ReturnLocalVarFire", "returnFromCurProc", 3, 0, 974
"overflow.GoArrayLenAfterAccessPlugin$AccessHandler", "apply", 3, 0, 648
"attr PtrIsNotNull", "join", 3, 0, 6 339
"std.StandardHandlers$SourceFlagCopyHandler", "annotate", 3, 0, 4 918
"math.DivisionByZeroPlugin$DivizionByZeroChecker2", "add", 3, 0, 285
"attr AllocCompareFlag", "join", 3, 0, 5 223
"attr DependsFromConstant", "join", 3, 0, 7 959
"intoverflow.CastInsufficientCheck$CastHandler", "castNotify", 3, 0, 776
"std.StandardHandlers$AssignTraceHandler", "pmove", 3, 0, 798
"c.ForkBombPlugin$ForkBranchHandler", "notSmaller", 3, 1, 411
"cpp.MemoryLeakCCtorPlugin$HeapStatCollector", "compositeAssignment", 3, 0, 1 510
"attr StringElemPtrAttr", "join", 2, 0, 2 259
"math.DivisionByZeroPlugin$CastHandler", "castNotify", 2, 0, 106
"std.sens.FistIterConditionPlugin$ArithmHandler", "add", 2, 0, 285
"exception.UncaughtExceptionsPlugin$CommonCallHandler", "normalPathForFuncRes", 2, 0, 530
"std.FuncRetCodePlugin$GoErrorReturnHandler", "functionEnd", 2, 0, 1 458
"uninit.ArrayElementsPlugin$CompositeAssignmentHandler", "compositeAssignment", 2, 0, 1 510
"attr ResultLowerBoundAttr", "join", 2, 1, 1 698
"overflow.BufferOverflowStrictPlugin$BoundIsCheckedCreatorDependsAttr", "equals", 2, 0, 578
"attr PT-TO", "join", 2, 0, 24 057
"intoverflow.IntOverflowUnderBitMask$BitSizeCreator", "add", 2, 0, 285
"std.memory.ObjectHasBeenChangedPlugin$ObjectAccessHandler", "annotate", 2, 0, 785
"math.DivisionByZeroPlugin$DivizionByZeroChecker2", "interProcAdd", 2, 2, 5
"attr SoundValueSetBoundBooleanAttr", "join", 2, 0, 9 874
"junitassert.MissingFieldAssertPlugin$AnnotHandlerWithOutTrace", "annotate", 2, 1, 1 182
"derefofnull.NullPointerDereferencePlugin$NullDerefCopyHandler", "meetBack", 2, 0, 1 522
"tainted.TaintedInfiniteLoopExPlugin$IteratorTaintnessHandler", "add", 2, 0, 285
"attr StringLengthAttr", "join", 2, 0, 196
"attr PtrDoNotSpreadDereference", "join", 2, 0, 1 189
"std.PassedToUnknowFunctionPlugin$UnknownHandler", "mayBeChanged", 2, 0, 3 541
"overflow.BeliefBufferOverflowPlugin$BufferCopyHandler", "bufferAccess", 2, 0, 561
"negative.NegativeErrorPlugin$CantBeNegativeHandler", "greater", 2, 0, 1 036
"tainted.TaintedPlugin$ResOfStrlenIsCheckedSanitazer", "notSmaller", 2, 1, 411
"tainted.loop.InfiniteLoopOverflowPlugin$OverlowHandler", "add", 2, 0, 285
"std.LoopBoundPlugin$BoundCheckHandler", "notGreater", 2, 0, 412
"exception.UncaughtExceptionsPlugin$JVMInstanceOfHandler", "falseCond", 2, 1, 42
"derefofnull.DerefOfNullPathSensPlugin$CompareWithNullHandler", "greater", 2, 1, 777
"tainted.TaintedInfiniteLoopExPlugin$TaintsInsideLoopHandler", "add", 2, 0, 285
"tainted.loop.SccIteratorPlugin$Cleaner", "nextIteration", 2, 0, 439
"std.StandardHandlers$AnnotApplyHandler", "annotate", 2, 2, 5
"std.BooleanInvariantPlugin$EqualsProjectionHandler", "globalNotGreater", 2, 0, 201
"std.memory.ReadAccessPlugin$TypeOfRetValueHandler", "annotate", 2, 0, 938
"overflow.DynamicOverflowPlugin$DynamicOverflowChecker", "deref", 2, 0, 255
"std.UncontroledValuePlugin$CompareHandler", "trueCond", 2, 0, 265
"overflow.NullTerminationPlugin$NewStringHandler", "newString", 2, 0, 1 920
"c.ForkBombPlugin$ForkBranchHandler", "greater", 2, 0, 264
"std.LoopBoundPlugin$BoundCheckHandler", "notSmaller", 2, 0, 411
"std.sens.GlobalConditionPlugin$SCCIteratorHandler", "nextIteration", 2, 0, 439
"overflow.StrCmpPlugin$StrCmpHandler", "notEquals", 1, 0, 3 717
"overflow.DynamicOverflowPlugin$BufferSizeIntervalCreator", "heapArrayAllocate", 1, 0, 147
"tainted.loop.InfiniteLoopStringPlugin$IteratorCopyOpHandler", "pmove", 1, 0, 224
"attr ResultUpperBoundAttr", "join", 1, 0, 1 699
"attr CheckedForNullAttr", "join", 1, 0, 3 856
"std.memory.HeapModelPlugin$BadAllocHandler", "trueCond", 1, 0, 471
"concurrency.NoCheckInLockPlugin$StaticVariablesCompareHandler", "trueCond", 1, 0, 471
"newdelete.FreeOfNonHeapMemoryPlugin$PointsToProjectionHandler", "notEquals", 1, 0, 383
"attr NegativeIfCond", "join", 1, 0, 251
"intoverflow.TruncationAtConditionPlugin$TruncCreator", "castNotify", 1, 0, 776
"overflow.OverflowUnderCheckPlugin$BufferPredictingSizeHandler", "bufferAccess", 1, 0, 215
"c.ForkBombPlugin$ForkBranchHandler", "notGreater", 1, 0, 412
"attr HasUnsignedUsage", "join", 1, 0, 4 734
"overflow.pathsens.ValueComparedPlugin$1", "apply", 1, 0, 71
"leaks.EscapePlugin$IntraEscapeValueHandler", "compositeAssignment", 1, 0, 1 510
"uninit.UsePlugin$UseCondHandler", "notSmaller", 1, 0, 411
"leaks.EscapePlugin$CompositeAccessHandler", "compositeAccess", 1, 0, 464
"std.DependsFromParameterPlugin$ParametrValueIdCreator", "passedToUnknownFunc", 1, 0, 776
"math.DivisionByZeroPlugin$DivizionByZeroChecker2", "interProcMul", 1, 1, 4
"attr LastMethodCallInfo", "join", 1, 0, 1 250
"tainted.StrlenDetectedPlugin$CallInstrHandler", "passedToFuncAfterApply", 1, 0, 11 997
"std.BooleanInvariantPlugin$EqualsProjectionHandler", "globalGreater", 1, 0, 185
"attr UpperBoundCheckAttr", "join", 1, 0, 1 500
"tainted.TrustedIntPlugin$ApplyAnnotHandler", "apply", 1, 0, 81
"std.sens.FistIterConditionPlugin$NextIterHandler", "nextIteration", 1, 0, 439
"std.FieldInfoForStaticVariablesPlugin$ReadWriteHandler", "annotate", 1, 0, 924
"attr ComparedToNegativeIfCond", "join", 1, 0, 187
"overflow.GoArrayLenAfterAccessPlugin$AccessHandler", "bufferAccess", 1, 0, 561
"attr ArrayAccessAttr", "join", 1, 0, 1 660
"overflow.OverflowUnderCheckPlugin$BufferAccessHandler", "bufferAccess", 1, 0, 94
"intoverflow.IntOverflowUnderCheckPlugin$CastHandler", "castNotify", 1, 0, 198
"ru.isp.svace.sens.strlen.StrlenConditionPlugin$1", "apply", 1, 0, 130
"overflow.pathsens.TaintedOverflowPlugin$ArithOpHandler", "add", 1, 0, 285
"attr ReachableCode", "join", 1, 0, 3 100
"std.value.IntervalHandlers$AnnotateApplyHandler", "annotate", 1, 0, 1 579
"derefofnull.DerefOfNullPathSensPlugin$CompareWithNullHandler", "notSmaller", 1, 0, 1 215
"std.DependsFromParameterPlugin$ComparisonPropagator", "equals", 1, 0, 549
"tainted.TaintedArrayIndexPlugin$TrustedSinkFlagHandler", "bufferAccess", 1, 0, 561
"attr TrustedIntSinkFlag", "join", 1, 0, 685
"std.sens.RSizeMaxFactsPlugin$AddConstToUnsignedHandler", "add", 1, 0, 285
"intoverflow.IntOverflowUnderBitMask$TruncChecker", "castNotify", 1, 0, 776
"math.DivisionByZeroPlugin$CondChecker", "notGreater", 1, 0, 199
"attr PointedObjectSizeAttr", "join", 1, 0, 1 309
"attr StringConditionType", "join", 1, 0, 63
"intoverflow.TruncationAtConditionPlugin$ComparisonChecker", "notGreater", 1, 0, 412
"newdelete.FreeOfNonHeapMemoryPlugin$PointsToProjectionHandler", "equals", 1, 0, 368
"tainted.loop.InfiniteLoopStringPlugin$UsedInLoopConditionHandler", "greater", 1, 0, 264
"cpp.UseAfterMovePlugin$ThisFlagsHandler", "apply", 1, 0, 228
"overflow.OverflowUnderCheckPlugin$ArithOpHandler", "add", 1, 0, 74
"tainted.TaintedPlugin$AccessChainParametr", "apply", 1, 0, 1 841
"std.DependsFromParameterPlugin$ComparisonPropagator", "notEquals", 1, 0, 568
"uninit.UsePlugin$UseCondHandler", "notGreater", 1, 0, 412
"overflow.pathsens.OverflowConditionPlugin$CallerControlLoopHandler", "globalNotGreater", 1, 0, 456
"negative.PassToProcAfterCheckPlugin$ComparedToNegativeSetter", "smaller", 1, 0, 263
"attr NoChdirFlag", "join", 1, 0, 2 850
"uninit.UsePlugin$UseIntegerOpHandler", "add", 1, 0, 285
"negative.NegativeErrorPlugin$MaybeCheckedCreateProjectionHandler", "notGreater", 1, 0, 412
"std.FuncRetCodePlugin$GoErrorReturnHandler", "functionStart", 1, 0, 1 470
"attr ResultOfUnknownFunction", "join", 1, 0, 3 149
"negative.NegativePathSensPlugin$NegativePropagator", "apply", 1, 0, 36
"tainted.loop.InfiniteLoopStringPlugin$UsedInLoopConditionHandler", "smaller", 1, 0, 268
"attr TrivialIteratorFlag", "join", 1, 0, 2 424
"tainted.TaintedPlugin$TaintedTransfer", "TAINTED_transferTainted", 1, 0, 28
"leaks.AllocCompareResultPlugin$AllocFailIfComparedHandler", "notEquals", 1, 0, 131
"negative.NegativeErrorPlugin$DenomWithNegativeArgHandler", "bufferAccess", 1, 0, 561
"math.DivisionByZeroUnderCheckPlugin$CompareHandler", "notGreater", 1, 0, 412
"attr LastReturnedValue", "join", 1, 0, 511
"attr ResOfNewOp", "join", 1, 0, 2 796
"intoverflow.TruncationAtConditionPlugin$ComparisonChecker", "notSmaller", 1, 0, 411
"overflow.BufferOverflowStrictPlugin$IntegerHandler", "add", 1, 0, 285
"overflow.pathsens.ValueComparedPlugin$ValueComparedCreator", "notSmaller", 1, 0, 313
"attr TrustedValueInterval", "join", 1, 0, 872
"derefofnull.DerefOfNullPathSensPlugin$CompareWithNullHandler", "smaller", 1, 0, 789
"std.StandardHandlers$ValueIdParameterTypeApplyAnnotHandler2", "apply", 1, 0, 237
"overflow.BufferSizePlugin$CopyOpHandler", "annotate", 1, 0, 1 345
"concurrency.LockFunctionPlugin$UnLockCopyHandler", "apply", 1, 0, 415
"leaks.AllocCompareResultPlugin$AllocFailIfComparedHandler", "equals", 1, 0, 124
"attr OuterContextValueAttr", "join", 1, 0, 583
"derefofnull.DerefOfNullPathSensPlugin$CompareWithNullHandler", "notGreater", 1, 0, 1 218
"std.type.UnsignedPlugin$UnsignedPropagator", "add", 1, 0, 285
"leaks.EscapePlugin$IntraEscapeValueHandler", "annotate", 0, 0, 492
"tainted.loop.InfiniteLoopStringPlugin$UsedInLoopConditionHandler", "notGreater", 0, 0, 412
"math.DivisionByZeroPlugin$CondChecker", "smaller", 0, 0, 124
"tainted.TrustedIntPlugin$HeapArrayAllocateHandler", "heapArrayAllocate", 0, 0, 147
"attr PointedBufferSizeAttr", "join", 0, 0, 1 471
"concurrency.NoCheckInLockPlugin$StaticVariablesCompareHandler", "notGreater", 0, 0, 412
"negative.NegativeErrorPlugin$MaybeCheckedCreateProjectionHandler", "notSmaller", 0, 0, 411
"tainted.TaintedIntegerOverflowPlugin$BufferAccessHandler", "bufferAccess", 0, 0, 561
"math.DivisionByZeroPlugin$DivizionByZeroChecker2", "binaryXor", 0, 0, 6
"math.DivisionByZeroPlugin$CondChecker", "notSmaller", 0, 0, 203
"attr Iterator", "join", 0, 0, 2 679
"returnvalue.UncheckedFuncResPlugin$FunctionResCheckIntegerHandler", "add", 0, 0, 285
"attr AccessStepParametr", "join", 0, 0, 515
"math.DivisionByZeroUnderCheckPlugin$CompareHandler", "greater", 0, 0, 264
"leaks.BackwardChecker$LeakCopyHandler", "combine", 0, 0, 1
"attr RetInstrOccurred", "join", 0, 0, 555
"attr TrustedIntIf", "join", 0, 0, 204
"intoverflow.TruncationAtConditionPlugin$ComparisonChecker", "greater", 0, 0, 264
"ru.isp.svace.sens.strlen.ParsedStringPlugin$CharComparisonHandler", "notEquals", 0, 0, 122
"overflow.OverflowUnderCheckPlugin$IndexParamHandler", "apply", 0, 0, 66
"attr BufferTrustedIntSinkFlag", "join", 0, 0, 246
"attr NoAssertInUnitTestFlag", "join", 0, 0, 3 089
"ru.isp.svace.sens.strlen.ParsedStringPlugin$CharComparisonHandler", "equals", 0, 0, 117
"tainted.loop.InfiniteLoopStringPlugin$UsedInLoopConditionHandler", "notSmaller", 0, 0, 411
"attr SuffDerefAttrIsSet", "join", 0, 0, 1 844
"overflow.pathsens.OverflowConditionPlugin$CallerControlLoopHandler", "globalGreater", 0, 0, 309
"tainted.TaintedPlugin$ResOfStrlenIsCheckedSanitazer", "notGreater", 0, 0, 412
"attr PtrWasAssigned", "join", 0, 0, 1 819
"math.DivisionByZeroPlugin$CondChecker", "greater", 0, 0, 115
"attr IntegerOverflowSanitizedFlag", "join", 0, 0, 679
"tainted.TaintedValueIntervalPlugin$ApplyAnnotHandler", "apply", 0, 0, 51
"std.memory.LinkedListStatePlugin$ListElemUnlinkHandler", "pmove", 0, 0, 275
"std.value.IntegerIntervalPlugin$InterProcArithOpHandler", "interProcAdd", 0, 0, 4
"go.GoTypeAssertionPlugin$TypeAssertFromReturnHandler", "castNotify", 0, 0, 776
"overflow.BeliefBufferOverflowPlugin$AvoidFlagSetter", "notGreater", 0, 0, 412
"concurrency.NoCheckInLockPlugin$StaticVariablesCompareHandler", "notSmaller", 0, 0, 411
"negative.NegativeErrorPlugin$MaybeCheckedCreateProjectionHandler", "greater", 0, 0, 264
"c.ForkBombPlugin$ForkBranchHandler", "smaller", 0, 0, 268
"attr AgressiveUpperBound", "join", 0, 0, 890
"math.DivisionByZeroPlugin$DivizionByZeroChecker2", "binaryShr", 0, 0, 16
"overflow.DynamicOverflowPlugin$DynamicOverflowChecker", "compositeAccess", 0, 0, 228
"intoverflow.TruncationAtConditionPlugin$ComparisonChecker", "smaller", 0, 0, 268
"std.ConstantDependensPlugin$ArgcMathOpHandler", "add", 0, 0, 273
"overflow.SizeMismatchPlugin$GlobalVarHandler", "globalVar", 0, 0, 523
"tainted.loop.InfiniteLoopArrayIndexPlugin$OverflowHandler", "sub", 0, 0, 9
"negative.NegativeErrorPlugin$MaybeCheckedCreateProjectionHandler", "smaller", 0, 0, 268
"concurrency.DoubleLockPlugin$LockCopyHandler", "annotate", 0, 0, 12
"std.value.IntegerIntervalPlugin$ArithOpHandler", "binaryShr", 0, 0, 16
"tainted.TaintedPlugin$GlobalVarHandler", "globalVar", 0, 0, 523
"attr IsCheckedSomewhere", "join", 0, 0, 1 455
"std.PathSensTypePlugin$GoMakeInterfaceHandler", "castNotify", 0, 0, 776
"tainted.TaintedInfiniteLoopExPlugin$UpperBoundCheckHandler", "smaller", 0, 0, 268
"attr HeapBufferSize", "join", 0, 0, 10
"attr LoopBoundFlag", "join", 0, 0, 994
"intoverflow.SmallerSignedToUnsignedPlugin$CastHandler", "castNotify", 0, 0, 776
"overflow.StaticOverflowProcPlugin$ReliableAccessHandler", "annotate", 0, 0, 213
"math.DivisionByZeroUnderCheckPlugin$CompareHandler", "smaller", 0, 0, 268
"intoverflow.BigUnsignedValuePlugin$BigValueFromZeroConst", "add", 0, 0, 123
"go.GoTypeAssertionPlugin$CopyOpHandler", "castNotify", 0, 0, 776
"overflow.BufferSizePlugin$HeapBufferSizeHandler", "apply", 0, 0, 237
"std.value.IntervalHandlers$ConstantHandler", "newLong", 0, 0, 48
"tainted.loop.InfiniteLoopStringPlugin$Checker", "sccEnd", 0, 0, 671
"tainted.TaintedPlugin$ResOfStrlenIsCheckedSanitazer", "trueCond", 0, 0, 471
"attr IteratorChange", "join", 0, 0, 336
"std.value.IntegerIntervalPlugin$ArithOpHandler", "sub", 0, 0, 7
"go.GoInterfaceRetPlugin$CopyOpHandler", "castNotify", 0, 0, 776
"tainted.TaintedInfiniteLoopExPlugin$UpperBoundCheckHandler", "notGreater", 0, 0, 412
"attr ConstantStringBufferSize", "join", 0, 0, 64
"std.PureFunctionPlugin$PureFunctionHandler", "annotate", 0, 0, 44
"math.DivisionByZeroPlugin$DivizionByZeroChecker2", "binaryAnd", 0, 0, 18
"concurrency.NoCheckInLockPlugin$StaticVariablesCompareHandler", "greater", 0, 0, 264
"math.DivisionByZeroPlugin$DivizionByZeroChecker2", "sub", 0, 0, 9
"leaks.EscapePlugin$EscapeValueHandler", "castNotify", 0, 0, 776
"attr ProcessedExceptions", "join", 0, 0, 86
"math.DivisionByZeroPlugin$DivizionByZeroChecker2", "binaryShl", 0, 0, 14
"tainted.TrustedIntPlugin$ValueProjectionHandler", "notGreater", 0, 0, 103
"attr PtrIndexedByIntParam", "join", 0, 0, 254
"attr ExceptionOccurred", "join", 0, 0, 258
"overflow.pathsens.HeapBufferSizePlugin$HeapBufferSizePropagator", "apply", 0, 0, 17
"std.memory.LinkedListStatePlugin$SelfAssignmentHandler", "apply", 0, 0, 120
"overflow.pathsens.StandardHandlers$StandardTrunkHandler", "castNotify", 0, 0, 160
"tainted.TrustedPtrPlugin$TrustedPtrSinkFlagHandler", "apply", 0, 0, 1
"attr ErrorAttr", "join", 0, 0, 110
"tainted.TaintedValueIntervalPlugin$CastHandler", "castNotify", 0, 0, 7
"std.FieldInfoForStaticVariablesPlugin$ReadWriteHandler", "pmove", 0, 0, 242
"attr LastCalledFuncInfo", "join", 0, 0, 243
"attr MaxIsTrustedChecked", "join", 0, 0, 1 632
"tainted.TaintedPlugin$ResOfStrlenIsCheckedSanitazer", "greater", 0, 0, 264
"overflow.BufferOverflowStrictPlugin$BoundIsCheckedCreatorDependsAttr", "notEquals", 0, 0, 599
"tainted.TrustedIntPlugin$ValueProjectionHandler", "greater", 0, 0, 60
"returnvalue.ReturnValueNoCheckPlugin$CompareHandler", "notGreater", 0, 0, 52
"tainted.TrustedIntPlugin$ValueProjectionHandler", "notSmaller", 0, 0, 102
"concurrency.core.LockStatusPlugin$AnnotApplyHandler", "apply", 0, 0, 29
"attr UncaughtExceptions", "join", 0, 0, 24
"negative.NegativeErrorPlugin$DenomWithNegativeArgHandler", "apply", 0, 0, 106
"intoverflow.UnsignedUnderflowAtCondition$UnderflowCreator", "sub", 0, 0, 9
"std.value.BitMaskPlugin$BitMaskedCreator", "binaryAnd", 0, 0, 18
"concurrency.NoCheckInLockPlugin$StaticVariablesCompareHandler", "smaller", 0, 0, 268
"std.memory.LinkedListStatePlugin$ListElemUnlinkHandler", "compositeAssignment", 0, 0, 137
"negative.CheckAfterPassToProcPlugin$CompareHandler", "notGreater", 0, 0, 102
"overflow.BeliefBufferOverflowPlugin$AvoidFlagSetter", "greater", 0, 0, 264
"overflow.BeliefBufferOverflowPlugin$AvoidFlagSetter", "notSmaller", 0, 0, 411
"concurrency.DoubleLockPlugin$LockCopyHandler", "apply", 0, 0, 21
"tainted.TrustedIntPlugin$ValueProjectionHandler", "smaller", 0, 0, 59
"leaks.MemoryLeakPathSensPlugin$LeakApplyAnnotHandler", "annotate", 0, 0, 1
"tainted.TaintedPlugin$ResOfStrlenIsCheckedSanitazer", "smaller", 0, 0, 268
"overflow.OverflowUnderCheckLenPlugin$LenVersionChecker", "derefExplicitly", 0, 0, 3
"concurrency.LockFunctionPlugin$LockAMLCopyHandler", "apply", 0, 0, 29
"attr MinIsTrustedChecked", "join", 0, 0, 1 176
"overflow.GoArrayLenAfterAccessPlugin$AccessHandler", "annotate", 0, 0, 255
"leaks.EscapePlugin$IntraEscapeValueHandler", "shiftInApply", 0, 0, 104
"std.StandardHandlers$SinkFlagCopyHandler", "apply", 0, 0, 79
"overflow.BufferOverflowStrictPlugin$BoundIsCheckedCreatorDependsAttr", "notSmaller", 0, 0, 36
"uninit.UsePlugin$UseCondHandler", "falseCond", 0, 0, 42
"std.UncontroledValuePlugin$CompareHandler", "notEquals", 0, 0, 37
"concurrency.LockFunctionPlugin$LockUnlockHandler", "apply", 0, 0, 100
"uninit.UsePlugin$UseIntegerOpHandler", "binaryAnd", 0, 0, 18
"junitassert.MissingFieldAssertPlugin$AnnotHandler", "annotate", 0, 0, 380
"returnvalue.ReturnValueNoCheckPlugin$CompareHandler", "greater", 0, 0, 39
"derefofnull.DerefOfNullPathSensPlugin$PossibleNullCompareCreator", "annotateRet", 0, 0, 14
"overflow.BeliefBufferOverflowPlugin$AvoidFlagSetter", "smaller", 0, 0, 268
"std.value.IntegerIntervalPlugin$ArithOpHandler", "binaryAnd", 0, 0, 10
"intoverflow.BigUnsignedValuePlugin$LibChecker", "apply", 0, 0, 172
"overflow.OverflowUnderCheckLenPlugin$LenVersionChecker", "pmove", 0, 0, 3
"attr CastTrunc", "join", 0, 0, 202
"leaks.EscapePlugin$IntraEscapeValueHandler", "derefInApply", 0, 0, 111
"negative.NegativePathSensPlugin$NegativeSetter", "newLong", 0, 0, 24
"std.UncontroledValuePlugin$CompareHandler", "equals", 0, 0, 39
"std.sens.GlobalConditionPlugin$SimpleLoopIndexHandler", "globalGreater", 0, 0, 129
"returnvalue.ReturnValueNoCheckPlugin$CallFunctionHandler", "apply", 0, 0, 79
"math.DivisionByZeroPlugin$DivizionByZeroChecker2", "binaryOr", 0, 0, 4
"overflow.StrCmpPlugin$StrCmpHandler", "notGreater", 0, 0, 412
"intoverflow.IntOverflowUnderCheckPlugin$BoundAttrSetterFromConst", "newLong", 0, 0, 48
"derefofnull.PtrNullObserverPlugin$NextIterationResetHandler", "nextIterationForVar", 0, 0, 93
"attr StringLength", "join", 0, 0, 79
"attr NonTrivialIteratorFlag", "join", 0, 0, 470
"tainted.TaintedPlugin$TaintedTransferHandler", "annotate", 0, 0, 154
"derefofnull.DerefOfNullPathSensPlugin$NullSetter", "newLong", 0, 0, 24
"std.value.IntegerIntervalPlugin$ArithOpHandler", "binaryShl", 0, 0, 14
"overflow.BufferOverflowStrictPlugin$BoundIsCheckedCreatorDependsAttr", "smaller", 0, 0, 25
"attr DerefFlag", "join", 0, 0, 333
"std.StandardHandlers$AnnotApplyHandler", "apply", 0, 0, 31
"overflow.pathsens.StandardHandlers$StandardValueEventPropagator", "apply", 0, 0, 23
"attr MightTaintedValueInterval", "join", 0, 0, 33
"tainted.TaintedInfiniteLoopExPlugin$IteratorChangeHandler", "sub", 0, 0, 9
"tainted.sensitive.SensitiveLeakPlugin$SystemLeakHandler", "apply", 0, 0, 36
"std.StandardHandlers$AddrPassedToUnknownHandler", "addrPassedToUnknownFunc", 0, 0, 315
"tainted.TaintedPlugin$ArgvTaintedSetter", "functionStart", 0, 0, 1
"attr DependsListAttr", "join", 0, 0, 515
"overflow.StrCmpPlugin$StrCmpHandler", "notSmaller", 0, 0, 411
"attr SerializableFlag", "join", 0, 0, 604
"overflow.BufferOverflowStrictPlugin$BoundIsCheckedCreatorDependsAttr", "notGreater", 0, 0, 35
"attr DenomIfCond", "join", 0, 0, 5
"attr NotEqualsToNonHeap", "join", 0, 0, 152
"returnvalue.ReturnValueNoCheckPlugin$CompareHandler", "notSmaller", 0, 0, 42
"std.UncontroledValuePlugin$CompareHandler", "falseCond", 0, 0, 19
"ru.isp.svace.sens.strlen.StrLenValuePlugin$StrLenPropagator", "annotate", 0, 0, 40
"intoverflow.ArithmeticOperationViewerPlugin$OperationEventSetter", "sub", 0, 0, 9
"tainted.TaintedArrayIndexPlugin$TrustedSinkFlagHandler", "annotate", 0, 0, 39
"returnvalue.ReturnValueNoCheckPlugin$CompareHandler", "smaller", 0, 0, 31
"negative.CheckAfterPassToProcPlugin$CompareHandler", "notSmaller", 0, 0, 102
"concurrency.LockFunctionPlugin$UnLockCopyHandler", "annotate", 0, 0, 48
"derefofnull.DerefOfNullPathSensPlugin$DerefChecker", "funcRetCall", 0, 0, 46
"std.value.SoundValueIntervalPlugin$ArithOpHandler", "mul", 0, 0, 4
"attr PtrResultOfNew", "join", 0, 0, 219
"attr SystemLeakFlag", "join", 0, 0, 221
"attr FieldInfoAttribute", "join", 0, 0, 56
"exception.UncaughtExceptionsPlugin$JVMThrowHandler", "javaAthrow", 0, 0, 3
"attr PredictedBufSizeAttr", "join", 0, 0, 89
"attr LockStateAttr", "join", 0, 0, 13
"attr LockStatusAttr", "join", 0, 0, 23
"negative.CheckAfterPassToProcPlugin$CompareHandler", "greater", 0, 0, 59
"overflow.StrCmpPlugin$StrCmpHandler", "greater", 0, 0, 264
"overflow.StrCmpPlugin$StrCmpHandler", "smaller", 0, 0, 268
"cpp.CompareResultOfNewPlugin$ResultOfNewCompareHandler", "notEquals", 0, 0, 18
"derefofnull.PtrNullObserverPlugin$PossibleNullFlagCopyHandler", "apply", 0, 0, 10
"junitassert.MissingFieldAssertPlugin$MissingAssertChecker", "meetBack", 0, 0, 46
"tainted.TaintedInfiniteLoopExPlugin$TaintnessPropagator", "sub", 0, 0, 9
"intoverflow.IntOverflowUnderCheckPlugin$IntegerOverflowChecker", "sub", 0, 0, 9
"tainted.loop.InfiniteLoopArrayIndexPlugin$OverflowedBufferAccessCopyOpPropagator", "derefExplicitly", 0, 0, 27
"attr value id set", "join", 0, 0, 15
"attr MustTaintedValueInterval", "join", 0, 0, 7
"intoverflow.InevitableIntOverflowPlugin$InevitableIntOverflowHandler", "binaryShl", 0, 0, 14
"cpp.CompareResultOfNewPlugin$ResultOfNewCompareHandler", "equals", 0, 0, 18
"derefofnull.NullPointerDereferencePlugin$NullDerefCopyHandler", "funcRetCall", 0, 0, 29
"derefofnull.NullAfterDerefPlugin$CreatedInProcDereferencedHandler", "apply", 0, 0, 32
"concurrency.NoCheckInLockPlugin$AccessStepsCompareHandler", "notGreater", 0, 0, 7
"concurrency.NoCheckInLockPlugin$AccessStepsCompareHandler", "greater", 0, 0, 6
"std.StandardHandlers$MaybeChangedHandler", "mayBeChanged", 0, 0, 47
"overflow.BufferOverflowStrictPlugin$BoundIsCheckedCreatorDependsAttr", "greater", 0, 0, 24
"overflow.OverflowAfterCheckPlugin$BufferBackwardCopyHandler", "combine", 0, 0, 4
"concurrency.NoCheckInLockPlugin$StaticVariablesCompareHandler", "falseCond", 0, 0, 42
"attr STR", "join", 0, 0, 55
"std.value.IntegerIntervalPlugin$ArithOpHandler", "mul", 0, 0, 4
"std.DependsFromParameterPlugin$ComparisonPropagator", "notGreater", 0, 0, 35
"attr DerefAfterNullExFired", "join", 0, 0, 228
"math.DivisionByZeroPlugin$ZeroSetter", "newLong", 0, 0, 24
"attr SimpleNullTerminationAttr", "join", 0, 0, 79
"overflow.pathsens.ValueSummaryPlugin$ArithmOpHandler", "sub", 0, 0, 9
"std.value.SoundValueIntervalPlugin$ArithOpHandler", "sub", 0, 0, 7
"attr CastExt", "join", 0, 0, 45
"tainted.TrustedIntPlugin$ApplyAnnotHandler", "annotate", 0, 0, 28
"leaks.HandleLeakPlugin$ResourceAmlHandler", "apply", 0, 0, 1
"negative.CheckAfterPassToProcPlugin$CompareHandler", "smaller", 0, 0, 59
"attr HardcodedStringFlag", "join", 0, 0, 58
"std.value.IntegerShiftPlugin$ArithOpHandler", "sub", 0, 0, 9
"derefofnull.NullAfterDerefPlugin$RetPtrDerefCopyHandler", "annotateRet", 0, 0, 13
"concurrency.NoCheckInLockPlugin$AccessStepsCompareHandler", "notSmaller", 0, 0, 7
"tainted.TrustedIntPlugin$IntegerHandler", "sub", 0, 0, 1
"attr UnreachableBecauseAssume", "join", 0, 0, 18
"tainted.TaintedPlugin$TaintedByShiftedPtrApplyHandler", "apply", 0, 0, 8
"attr DynamicBufferSizeInterval", "join", 0, 0, 26
"attr UnreachableCode", "join", 0, 0, 101
"derefofnull.NullAfterDerefPlugin$RetPtrDerefCopyHandler", "apply", 0, 0, 19
"std.DependsFromParameterPlugin$ArithmeticProragator", "add", 0, 0, 19
"derefofnull.PtrNullObserverPlugin$OptimisticFlagCreator", "addrPassedToUnknownFunc", 0, 0, 10
"attr ExceptionOccurredFlag", "join", 0, 0, 241
"tainted.loop.SccIteratorPlugin$DependsOnInitiateHandler", "sub", 0, 0, 9
"std.StandardHandlers$ValueIdParameterTypeApplyAnnotHandler2", "annotate", 0, 0, 55
"math.DivisionByZeroPlugin$DivizionByZeroChecker2", "div", 0, 0, 1
"attr UnlockPathFlag", "join", 0, 0, 248
"concurrency.NoCheckInLockPlugin$AccessStepsCompareHandler", "smaller", 0, 0, 6
"std.DependsFromParameterPlugin$ComparisonPropagator", "notSmaller", 0, 0, 36
"std.DependsFromParameterPlugin$ComparisonPropagator", "greater", 0, 0, 24
"overflow.StringLengthPlugin$StringTerminationHandler", "apply", 0, 0, 22
"overflow.pathsens.ValueComparedPlugin$ArithOpHandler", "sub", 0, 0, 9
"tainted.TrustedIntPlugin$IntegerHandlerTrustIf", "mul", 0, 0, 1
"uninit.UsePlugin$UseIntegerOpHandler", "sub", 0, 0, 9
"std.LoopBoundPlugin$IncrementHandler", "sub", 0, 0, 9
"overflow.pathsens.ValueSummaryPlugin$ArithmOpHandler", "mul", 0, 0, 5
"math.DivisionByZeroPlugin$ZeroSetter", "newDouble", 0, 0, 4
"intoverflow.IntOverflowUnderCheckPlugin$IntegerOverflowChecker", "mul", 0, 0, 5
"leaks.MemoryLeakPathSensPlugin$LeakApplyAnnotHandler", "apply", 0, 0, 1
"intoverflow.InevitableIntOverflowPlugin$InevitableIntOverflowHandler", "sub", 0, 0, 7
"tainted.TrustedIntPlugin$ValueProjectionHandler", "equals", 0, 0, 13
"negative.PassToProcAfterCheckPlugin$BufferAccessHandler", "annotate", 0, 0, 7
"attr PossibleNull", "join", 0, 0, 4
"returnvalue.ReturnValueNoCheckPlugin$CallFunctionHandler", "heapArrayAllocate", 0, 0, 18
"uninit.UsePlugin$UseIntegerOpHandler", "binaryShl", 0, 0, 14
"intoverflow.ArithmeticOperationViewerPlugin$OperationEventSetter", "mul", 0, 0, 5
"checkers.InvariantResultBitShiftPlugin$InvariantResultBitShift", "binaryShr", 0, 0, 16
"std.value.IntervalHandlers$FloatConstantHandler", "floatToIntCast", 0, 0, 18
"attr TaintedValue", "join", 0, 0, 7
"attr FirstIterConditionType", "join", 0, 0, 36
"std.DependsFromParameterPlugin$ComparisonPropagator", "smaller", 0, 0, 25
"cpp.NoUnlockCppPlugin$UnlockHandler", "apply", 0, 0, 29
"tainted.TaintedPlugin$ResOfStrlenIsCheckedSanitazer", "falseCond", 0, 0, 42
"returnvalue.UncheckedFuncResPlugin$FunctionResCheckIntegerHandler", "binaryAnd", 0, 0, 18
"attr NullTerminatedString", "join", 0, 0, 55
"tainted.loop.InfiniteLoopArrayIndexPlugin$LoopConditionChecker", "smaller", 0, 0, 12
"returnvalue.UncheckedFuncResPlugin$FunctionResCheckIntegerHandler", "binaryShr", 0, 0, 16
"std.sens.FistIterConditionPlugin$ArithmHandler", "sub", 0, 0, 9
"overflow.BufferOverflowStrictPlugin$IntegerHandler", "sub", 0, 0, 9
"overflow.pathsens.TaintedOverflowPlugin$ArithOpHandler", "sub", 0, 0, 9
"intoverflow.InevitableIntOverflowPlugin$InevitableIntOverflowHandler", "mul", 0, 0, 4
"intoverflow.UnsignedUnderflowAtLoopBoundPlugin$IntOverflowHandler", "sub", 0, 0, 9
"intoverflow.ArithmeticOperationViewerPlugin$OperationEventHandler", "annotate", 0, 0, 32
"newdelete.FreeOfNonHeapMemoryPlugin$ConstantCatchHandler", "newLong", 0, 0, 24
"derefofnull.PtrNullObserverPlugin$PtrIsSetToNullPropagator", "addrPassedToUnknownFunc", 0, 0, 88
"concurrency.LockFunctionPlugin$LockUnlockHandler", "annotate", 0, 0, 30
"tainted.TaintedInfiniteLoopExPlugin$IteratorTaintnessHandler", "sub", 0, 0, 9
"overflow.BufferOverflowStrictPlugin$IntegerHandler", "mul", 0, 0, 5
"uninit.UsePlugin$UseIntegerOpHandler", "binaryXor", 0, 0, 6
"returnvalue.ReturnValueNoCheckPlugin$UseArithmVariableHandler", "binaryAnd", 0, 0, 7
"tainted.TrustedIntPlugin$IntegerHandler", "mul", 0, 0, 1
"tainted.TaintedIntegerOverflowPlugin$IntOverflowFirer", "pmove", 0, 0, 1
"tainted.TaintedPlugin$TaintedPtrWithLenLimitCopyHandler", "apply", 0, 0, 8
"negative.NegativeErrorPlugin$NegativeSpecsHandler", "annotate", 0, 0, 25
"std.DependsFromParameterPlugin$ArithmeticProragator", "binaryShr", 0, 0, 5
"overflow.pathsens.ValueComparedPlugin$ArithOpHandler", "mul", 0, 0, 5
"negative.NegativeErrorPlugin$DenomWithNegativeArgHandler", "annotate", 0, 0, 11
"attr LocalMustNegativeFlag", "join", 0, 0, 28
"std.value.IntegerIntervalPlugin$ArithOpHandler", "binaryOr", 0, 0, 2
"uninit.UsePlugin$UseIntegerOpHandler", "binaryShr", 0, 0, 16
"tainted.sensitive.SensitiveLeakPlugin$LocalVarHandler", "annotate", 0, 0, 1
"returnvalue.ReturnValueNoCheckPlugin$UseArithmVariableHandler", "binaryXor", 0, 0, 6
"returnvalue.ReturnValueNoCheckPlugin$UseArithmVariableHandler", "add", 0, 0, 11
"tainted.TaintedPlugin$TaintedPtrToTaintedIntHandler", "apply", 0, 0, 8
"negative.NegativeErrorPlugin$LocalMustNegativeFlagSetter", "newLong", 0, 0, 24
"tainted.TaintedInfiniteLoopExPlugin$TaintsInsideLoopHandler", "sub", 0, 0, 9
"tainted.TrustedIntPlugin$ApplyAnnotHandler", "indirectAnnotate", 0, 0, 1
"checkers.InvariantResultBitShiftPlugin$InvariantResultBitShift", "binaryShl", 0, 0, 14
"negative.CheckAfterPassToProcPlugin$CompareHandler", "equals", 0, 0, 13
"math.DivisionByZeroUnderCheckPlugin$DivizionByZeroUnderCheckChecker", "add", 0, 0, 7
"c.BadShiftPlugin$ShiftNegativeIntegerHandler", "binaryShl", 0, 0, 14
"std.ConstantDependensPlugin$Setter", "newLong", 0, 0, 24
"math.DivisionByZeroPlugin$ZeroSetter", "newFloat", 0, 0, 10
"attr MaxTaintedWithOutNotEq", "join", 0, 0, 66
"attr TaintedIntIf", "join", 0, 0, 7
"derefofnull.PtrNullObserverPlugin$PossibleNullFlagCopyHandler", "annotate", 0, 0, 6
"tainted.TaintedValueIntervalPlugin$ApplyAnnotHandler", "annotate", 0, 0, 2
"tainted.loop.InfiniteLoopOverflowPlugin$OverlowHandler", "sub", 0, 0, 9
"std.type.UnsignedPlugin$UnsignedPropagator", "sub", 0, 0, 9
"math.DivisionByZeroPlugin$DivisionByAddrHandler", "div", 0, 0, 1
"std.DependsFromParameterPlugin$ArithmeticProragator", "binaryShl", 0, 0, 3
"std.ConstantDependensPlugin$ArgcMathOpHandler", "sub", 0, 0, 7
"std.DependsFromParameterPlugin$ArithmeticProragator", "binaryAnd", 0, 0, 2
"returnvalue.UncheckedFuncResPlugin$FunctionResCheckIntegerHandler", "binaryShl", 0, 0, 14
"std.ConstantDependensPlugin$ArgcMathOpHandler", "binaryAnd", 0, 0, 7
"overflow.pathsens.TaintedOverflowPlugin$ArithOpHandler", "mul", 0, 0, 5
"overflow.BufferOverflowStrictPlugin$IntegerHandler", "binaryAnd", 0, 0, 18
"concurrency.core.LockStatusPlugin$AnnotApplyHandler", "annotate", 0, 0, 18
"uninit.UsePlugin$UseIntegerOpHandler", "binaryOr", 0, 0, 4
"negative.NegativeErrorPlugin$NegativeSpecsHandler", "pmove", 0, 0, 6
"returnvalue.UncheckedFuncResPlugin$FunctionResCheckIntegerHandler", "sub", 0, 0, 9
"tainted.TrustedPtrPlugin$TrustedPtrSinkFlagHandler", "annotate", 0, 0, 1
"overflow.BufferOverflowStrictPlugin$IntegerHandler", "binaryOr", 0, 0, 4
"derefofnull.NullablePtrPlugin$UserAnnotHandler", "userAnnotation", 0, 0, 1
"go.GoUnsafeTypeCastPlugin$UnsafeCastHandler", "castNotify", 0, 0, 7
"attr ParsedStringAttr", "join", 0, 0, 51
"std.ConstantDependensPlugin$ArgcMathOpHandler", "binaryShl", 0, 0, 14
"returnvalue.ReturnValueNoCheckPlugin$UseArithmVariableHandler", "sub", 0, 0, 6
"intoverflow.UnsignedUnderflowAtCondition$ComparisonChecker", "notGreater", 0, 0, 4
"attr DeadCode", "join", 0, 0, 24
"uninit.UsePlugin$UseIntegerOpHandler", "mul", 0, 0, 5
"attr BufferAccessRestriction", "join", 0, 0, 3
"std.DependsFromParameterPlugin$ArithmeticProragator", "sub", 0, 0, 2
"leaks.BackwardChecker$LeakCopyHandler", "meetBack", 0, 0, 1
"tainted.TaintedIntegerOverflowPlugin$CastHandler", "castNotify", 0, 0, 7
"attr MinTaintedWithOutNotEq", "join", 0, 0, 66
"tainted.TaintedPlugin$TaintedPtrToTaintedIntHandler", "derefExplicitly", 0, 0, 3
"overflow.CheckAfterOverflowPlugin$CompareHandler", "notSmaller", 0, 0, 1
"attr MaxTainted", "join", 0, 0, 66
"returnvalue.ReturnValueNoCheckPlugin$UseArithmVariableHandler", "binaryOr", 0, 0, 2
"std.StandardHandlers$SinkFlagCopyHandler", "annotate", 0, 0, 6
"attr MinTainted", "join", 0, 0, 66
"math.DivisionByZeroPlugin$DivizionByZeroChecker2", "mod", 0, 0, 1
"tainted.TaintedPlugin$TaintedClearHandler", "annotate", 0, 0, 1
"std.type.UnsignedPlugin$UnsignedPropagator", "mul", 0, 0, 5
"tainted.loop.InfiniteLoopArrayIndexPlugin$LoopConditionChecker", "notGreater", 0, 0, 4
"returnvalue.UncheckedFuncResPlugin$FunctionResCheckIntegerHandler", "binaryXor", 0, 0, 6
"std.DependsFromParameterPlugin$ArithmeticProragator", "div", 0, 0, 1
"attr MayUnderflowFlag", "join", 0, 0, 8
"std.DependsFromParameterPlugin$ArithmeticProragator", "mod", 0, 0, 1
"overflow.pathsens.StandardHandlers$StandardValueEventPropagator", "annotate", 0, 0, 2
"returnvalue.UncheckedFuncResPlugin$FunctionResCheckIntegerHandler", "mul", 0, 0, 5
"attr DerefComparedWithoutLock", "join", 0, 0, 31
"overflow.OverflowAfterCheckPlugin$BufferBackwardCopyHandler", "meetBack", 0, 0, 4
"attr CreatedInProcDereferenced", "join", 0, 0, 29
"tainted.loop.SccIteratorPlugin$DependsOnInitiateHandler", "mul", 0, 0, 5
"intoverflow.UnsignedUnderflowAtCondition$ComparisonChecker", "notSmaller", 0, 0, 4
"overflow.pathsens.ValueComparedPlugin$ArithOpHandler", "div", 0, 0, 1
"attr ReleasedBeforeAssign", "join", 0, 0, 35
"tainted.loop.InfiniteLoopArrayIndexPlugin$LoopConditionChecker", "notSmaller", 0, 0, 6
"std.DependsFromParameterPlugin$ArithmeticProragator", "mul", 0, 0, 2
"attr UnlockAddrMutex", "join", 0, 0, 23
"std.ConstantDependensPlugin$ArgcMathOpHandler", "mul", 0, 0, 4
"attr UnlockMutex", "join", 0, 0, 13
"overflow.BufferOverflowStrictPlugin$IntegerHandler", "binaryShl", 0, 0, 14
"attr CheckObjectFunc", "join", 0, 0, 25
"std.DependsFromParameterPlugin$ArithmeticProragator", "binaryOr", 0, 0, 2
"returnvalue.UncheckedFuncResPlugin$FunctionResCheckIntegerHandler", "binaryOr", 0, 0, 4
"tainted.TaintedPlugin$AnnotationHandler", "userAnnotation", 0, 0, 1
"negative.CheckAfterPassToProcPlugin$CompareHandler", "notEquals", 0, 0, 17
"leaks.HandleLeakPlugin$ResourceAmlHandler", "annotate", 0, 0, 1
"attr CheckObjectFlag", "join", 0, 0, 26
"derefofnull.PtrNullObserverPlugin$UserAnnotHandler", "userAnnotation", 0, 0, 1
"intoverflow.UnsignedUnderflowAtCondition$ComparisonChecker", "greater", 0, 0, 2
"returnvalue.ReturnValueNoCheckPlugin$UseArithmVariableHandler", "binaryShl", 0, 0, 2
"std.ConstantDependensPlugin$ArgcMathOpHandler", "binaryOr", 0, 0, 1
"std.type.UnsignedPlugin$UnsignedPropagator", "div", 0, 0, 1
"overflow.pathsens.TaintedOverflowPlugin$ArithOpHandler", "div", 0, 0, 1
"tainted.loop.InfiniteLoopArrayIndexPlugin$LoopConditionChecker", "greater", 0, 0, 2
"overflow.pathsens.ValueSummaryPlugin$ArithmOpHandler", "div", 0, 0, 1
"std.sens.GlobalConditionPlugin$NotNullAnnotHandler", "userAnnotation", 0, 0, 1
"intoverflow.IntOverflowUnderBitMask$BitSizeCreator", "mul", 0, 0, 5
"std.DependsFromParameterPlugin$ParametrValueIdCreator", "addrPassedToUnknownFunc", 0, 0, 1
"intoverflow.UnsignedUnderflowAtCondition$ComparisonChecker", "smaller", 0, 0, 2
"math.DivisionByZeroUnderCheckPlugin$DivizionByZeroUnderCheckChecker", "sub", 0, 0, 1
"checkers.IncorrectSpringAuthPlugin$AnnotationHandler", "userAnnotation", 0, 0, 1
"attr DenominatorFlag", "join", 0, 0, 2
"attr PtrDenominatorFlag", "join", 0, 0, 2
"math.DivisionByZeroPlugin$DivisionByAddrHandler", "mod", 0, 0, 1
"returnvalue.UncheckedFuncResPlugin$FunctionResCheckIntegerHandler", "div", 0, 0, 1
"uninit.UsePlugin$UseIntegerOpHandler", "div", 0, 0, 1
"overflow.OverflowUnderCheckPlugin$ArithOpHandler", "sub", 0, 0, 1
"uninit.UsePlugin$UseIntegerOpHandler", "mod", 0, 0, 1
"tainted.TrustedIntPlugin$ValueProjectionHandler", "notEquals", 0, 0, 17
"returnvalue.UncheckedFuncResPlugin$FunctionResCheckIntegerHandler", "mod", 0, 0, 1
"tainted.loop.SccIteratorPlugin$DependsOnInitiateHandler", "div", 0, 0, 1
"tainted.loop.SccIteratorPlugin$DependsOnInitiateHandler", "mod", 0, 0, 1
"attr UncontroledValueAttr", "join", 0, 0, 21
"attr MoveAllowedInAnnotation", "join", 0, 0, 5
"overflow.BufferOverflowStrictPlugin$IntegerHandler", "div", 0, 0, 1
"overflow.OverflowUnderCheckLenPlugin$LenVersionChecker", "deref", 0, 0, 3
"attr 'This'PtrWasWritten", "join", 0, 0, 4
"attr RetPtrDereference", "join", 0, 0, 2
"attr PrevalStrLen", "join", 0, 0, 1
"overflow.BufferOverflowStrictPlugin$IntegerHandler", "mod", 0, 0, 1
"attr UnlockMustPathFlag", "join", 0, 0, 1
"attr BitMasked", "join", 0, 0, 1
